{
  "Bottom-6 Wing": {
    "avgPPG": 0.2000866802791622,
    "stdDevPPG": 0.0984528282708781,
    "medianPPG": 0.20923076923076922,
    "p25PPG": 0.125,
    "p75PPG": 0.28017543859649124,
    "minPPG": 0,
    "maxPPG": 0.38571428571428573,
    "avgTOI": 10.172264041949543,
    "avgCorsiForPct": 0.49308823529411777,
    "stdDevCorsiForPct": 0.0648812796562074,
    "avgFenwickForPct": 0.49691176470588244,
    "stdDevFenwickForPct": 0.06506235364319135,
    "sampleSize": 68
  },
  "1C": {
    "avgPPG": 0.986719098478009,
    "stdDevPPG": 0.20066862557392035,
    "medianPPG": 0.9622342831298055,
    "p25PPG": 0.8545296167247387,
    "p75PPG": 1.1337287003007015,
    "minPPG": 0.6181818181818182,
    "maxPPG": 1.3780487804878048,
    "avgTOI": 19.662705796112764,
    "avgCorsiForPct": 0.5830000000000002,
    "stdDevCorsiForPct": 0.03992910383834494,
    "avgFenwickForPct": 0.5826666666666667,
    "stdDevFenwickForPct": 0.038810078874207676,
    "sampleSize": 30
  },
  "6D": {
    "avgPPG": 0.145186368051604,
    "stdDevPPG": 0.06528445418795806,
    "medianPPG": 0.1518987341772152,
    "p25PPG": 0.10810810810810811,
    "p75PPG": 0.17721518987341772,
    "minPPG": 0,
    "maxPPG": 0.3333333333333333,
    "avgTOI": 15.615045098729903,
    "avgCorsiForPct": 0.47977777777777786,
    "stdDevCorsiForPct": 0.055034893532856406,
    "avgFenwickForPct": 0.4820000000000001,
    "stdDevFenwickForPct": 0.049692387076224594,
    "sampleSize": 45
  },
  "Top-6 Wing": {
    "avgPPG": 0.8225974696641986,
    "stdDevPPG": 0.19251145657300667,
    "medianPPG": 0.75625,
    "p25PPG": 0.665625,
    "p75PPG": 0.8864749082007345,
    "minPPG": 0.6052631578947368,
    "maxPPG": 1.2533333333333334,
    "avgTOI": 18.135221961369368,
    "avgCorsiForPct": 0.5962500000000001,
    "stdDevCorsiForPct": 0.0406624827082656,
    "avgFenwickForPct": 0.5924999999999999,
    "stdDevFenwickForPct": 0.03929058411375426,
    "sampleSize": 40
  },
  "Middle-6 Wing": {
    "avgPPG": 0.49510451128970573,
    "stdDevPPG": 0.09839466790280704,
    "medianPPG": 0.5,
    "p25PPG": 0.4153846153846154,
    "p75PPG": 0.5362318840579711,
    "minPPG": 0.35,
    "maxPPG": 0.8688524590163934,
    "avgTOI": 15.000618012012499,
    "avgCorsiForPct": 0.541111111111111,
    "stdDevCorsiForPct": 0.052924357854592693,
    "avgFenwickForPct": 0.5415555555555557,
    "stdDevFenwickForPct": 0.050988258149654436,
    "sampleSize": 45
  },
  "4C": {
    "avgPPG": 0.2605689961410325,
    "stdDevPPG": 0.11205438431612316,
    "medianPPG": 0.26865671641791045,
    "p25PPG": 0.18233618233618232,
    "p75PPG": 0.3291911083667799,
    "minPPG": 0,
    "maxPPG": 0.5223880597014925,
    "avgTOI": 12.353774848910415,
    "avgCorsiForPct": 0.4808474576271186,
    "stdDevCorsiForPct": 0.06755507823421757,
    "avgFenwickForPct": 0.4805084745762712,
    "stdDevFenwickForPct": 0.06160078496125334,
    "sampleSize": 59
  },
  "3D": {
    "avgPPG": 0.382522433998767,
    "stdDevPPG": 0.06070330962032653,
    "medianPPG": 0.3742095754290876,
    "p25PPG": 0.3388392857142857,
    "p75PPG": 0.39779411764705885,
    "minPPG": 0.3157894736842105,
    "maxPPG": 0.5666666666666667,
    "avgTOI": 20.325204705608513,
    "avgCorsiForPct": 0.5295000000000002,
    "stdDevCorsiForPct": 0.055179253347612464,
    "avgFenwickForPct": 0.5275,
    "stdDevFenwickForPct": 0.05503408035027023,
    "sampleSize": 20
  },
  "1D": {
    "avgPPG": 0.7463971037843413,
    "stdDevPPG": 0.16588577349056877,
    "medianPPG": 0.7671232876712328,
    "p25PPG": 0.57381940840685,
    "p75PPG": 0.8373983739837398,
    "minPPG": 0.5,
    "maxPPG": 1.1168831168831168,
    "avgTOI": 24.85074100750804,
    "avgCorsiForPct": 0.5626315789473685,
    "stdDevCorsiForPct": 0.043145055856671985,
    "avgFenwickForPct": 0.56,
    "stdDevFenwickForPct": 0.04026229789243215,
    "sampleSize": 19
  },
  "2D": {
    "avgPPG": 0.4994694863994506,
    "stdDevPPG": 0.09453489511768738,
    "medianPPG": 0.4714285714285714,
    "p25PPG": 0.4264705882352941,
    "p75PPG": 0.5178571428571429,
    "minPPG": 0.4146341463414634,
    "maxPPG": 0.7454545454545455,
    "avgTOI": 22.138246658111203,
    "avgCorsiForPct": 0.5369230769230771,
    "stdDevCorsiForPct": 0.031472726993044285,
    "avgFenwickForPct": 0.533846153846154,
    "stdDevFenwickForPct": 0.03648781915578898,
    "sampleSize": 13
  },
  "2C": {
    "avgPPG": 0.5725609574303379,
    "stdDevPPG": 0.12223752181519092,
    "medianPPG": 0.5382791327913279,
    "p25PPG": 0.49085365853658536,
    "p75PPG": 0.6088850174216027,
    "minPPG": 0.46153846153846156,
    "maxPPG": 0.9473684210526315,
    "avgTOI": 17.417660748880344,
    "avgCorsiForPct": 0.5293749999999999,
    "stdDevCorsiForPct": 0.0553927736713012,
    "avgFenwickForPct": 0.528125,
    "stdDevFenwickForPct": 0.045855581721312835,
    "sampleSize": 16
  },
  "5D": {
    "avgPPG": 0.23227996649147284,
    "stdDevPPG": 0.03586578974996689,
    "medianPPG": 0.2222222222222222,
    "p25PPG": 0.2115600448933782,
    "p75PPG": 0.238272921108742,
    "minPPG": 0.2,
    "maxPPG": 0.36065573770491804,
    "avgTOI": 18.209769377712682,
    "avgCorsiForPct": 0.49093749999999997,
    "stdDevCorsiForPct": 0.050950918477982325,
    "avgFenwickForPct": 0.49281250000000004,
    "stdDevFenwickForPct": 0.05137085597641916,
    "sampleSize": 32
  },
  "4D": {
    "avgPPG": 0.3183923846527872,
    "stdDevPPG": 0.06837645156534765,
    "medianPPG": 0.2857142857142857,
    "p25PPG": 0.2631578947368421,
    "p75PPG": 0.375,
    "minPPG": 0.25,
    "maxPPG": 0.44871794871794873,
    "avgTOI": 18.12249745279585,
    "avgCorsiForPct": 0.5238461538461539,
    "stdDevCorsiForPct": 0.05540597878575109,
    "avgFenwickForPct": 0.5215384615384615,
    "stdDevFenwickForPct": 0.05695425341665468,
    "sampleSize": 13
  },
  "3C": {
    "avgPPG": 0.4716710073320349,
    "stdDevPPG": 0.11059507309071685,
    "medianPPG": 0.4545177045177045,
    "p25PPG": 0.4025641025641026,
    "p75PPG": 0.48436234817813767,
    "minPPG": 0.36363636363636365,
    "maxPPG": 0.825,
    "avgTOI": 15.758693627771793,
    "avgCorsiForPct": 0.5228571428571428,
    "stdDevCorsiForPct": 0.04712120714991612,
    "avgFenwickForPct": 0.5207142857142857,
    "stdDevFenwickForPct": 0.04511323621325179,
    "sampleSize": 14
  }
}